Insert Into Region (RegionID, RegionName) Values
(1,'Kanto'),
(2,'Johto'),  
(3,'Hoenn'),
(4,'Sinnoh'),
(5,'Unova'),
(6,'Kalos'),
(7,'Alola'),
(8,'Paldea');

Insert Into Typ (TypeID, TypeName) Values
(1, 'Normal'),
(2, 'Fighting'),
(3, 'Flying'),
(4, 'Poison'),
(5, 'Ground'),
(6, 'Rock'),
(7, 'Bug'),
(8, 'Ghost'),
(9, 'Steel'),
(10, 'Fire'),
(11, 'Water'),
(12, 'Grass'),
(13, 'Electric'),
(14, 'Psychic'),
(15, 'Ice'),
(16, 'Dragon'),
(17, 'Fairy'),
(18, 'Dark');

Insert Into Pokemon (PokeID, PokeNum, RegionID, Pname, Image) Values
(1, 1, 1, 'Bulbasaur', 'images/Gen1/Bulbasaur.png'),
(2, 2, 1, 'Ivysaur', 'images/Gen1/Ivysaur.png'),
(3, 3, 1, 'Venusaur', 'images/Gen1/Venusaur.png'),
(4, 4, 1, 'Charmander', 'images/Gen1/Charmander.png'),
(5, 5, 1, 'Charmeleon', 'images/Gen1/Charmeleon.png'),
(6, 6, 1, 'Charizard', 'images/Gen1/Charizard.png'),
(7, 7, 1, 'Squirtle', 'images/Gen1/Squirtle.png'),
(8, 8, 1, 'Wartortle', 'images/Gen1/Wartortle.png'),
(9, 9, 1, 'Blastoise', 'images/Gen1/Blastoise.png'),
(10, 10, 1, 'Caterpie', 'images/Gen1/Caterpie.png'),
(11, 11, 1, 'Metapod', 'images/Gen1/Metapod.png'),
(12, 12, 1, 'Butterfree', 'images/Gen1/Butterfree.png'),
(13, 13, 1, 'Weedle', 'images/Gen1/Weedle.png'),
(14, 14, 1, 'Kakuna', 'images/Gen1/Kakuna.png'),
(15, 15, 1, 'Beedrill', 'images/Gen1/Beedrill.png'),
(16, 16, 1, 'Pidgey', 'images/Gen1/Pidgey.png'),
(17, 17, 1, 'Pidgeotto', 'images/Gen1/Pidgeotto.png'),
(18, 18, 1, 'Pidgeot', 'images/Gen1/Pidgeot.png'),
(19, 19, 1, 'Rattata', 'images/Gen1/Rattata.png'),
(20, 20, 1, 'Raticate', 'images/Gen1/Raticate.png'),
(21, 21, 1, 'Spearow', 'images/Gen1/Spearow.png'),
(22, 22, 1, 'Fearow', 'images/Gen1/Fearow.png'),
(23, 23, 1, 'Ekans', 'images/Gen1/Ekans.png'),
(24, 24, 1, 'Arbok', 'images/Gen1/Arbok.png'),
(25, 25, 1, 'Pikachu', 'images/Gen1/Pikachu.png');

Insert Into PokemonType (PokeID, TypeID) Values
(1, 12),
(1, 4),
(2, 12),
(2, 4),
(3, 12),
(3, 4),
(4, 10),
(5, 10),
(6, 10),
(6, 3),
(7, 11),
(8, 11),
(9, 11),
(10, 7),
(11, 7),
(12, 7),
(12, 3),
(13, 7),
(13, 4),
(14, 7),
(14, 4),
(15, 7),
(15, 4),
(16, 1),
(16, 3),
(17, 1),
(17, 3),
(18, 1),
(18, 3),
(19, 1),
(20, 1),
(21, 1),
(21, 3),
(22, 1),
(22, 3),
(23, 4),
(24, 4),
(25, 13);

Insert Into Gyms (GymID, RegionID, GymName, Lvl) Values
(1, 1, 'Pewter City Gym', 12),
(2, 1, 'Cerulean City Gym', 15),
(3, 1, 'Vermilion City Gym', 24),
(4, 1, 'Celadon City Gym', 30),
(5, 1, 'Fuchsia City Gym', 35),
(6, 1, 'Saffron City Gym', 43),
(7, 1, 'Cinnabar Island Gym', 47),
(8, 1, 'Viridian City Gym', 50);

Insert Into Trainer (TrainerID, TrainerName, GymID, TrainerClass) Values
(1, 'Brock', 1, 'Gym Leader'),
(2, 'Misty', 2, 'Gym Leader'),
(3, 'Lt. Surge', 3, 'Gym Leader'),
(4, 'Erika', 4, 'Gym Leader'),
(5, 'Koga', 5, 'Gym Leader'),
(6, 'Sabrina', 6, 'Gym Leader'),
(7, 'Blaine', 7, 'Gym Leader'),
(8, 'Giovanni', 8, 'Gym Leader');

Insert Into TrainBy (TrainerID, PokeID) Values
(1, 74),
(1, 95),
(2, 120),
(2, 121),
(3, 100),
(3, 25),
(3, 26),
(4, 71),
(4, 114),
(4, 45);
